dataset,exclusion_reason,row_count
gpt_expanded,exclude_for_now_not_allowed,14
gpt_expanded,unreviewed_clean_candidate_not_in_formal_use_now_or_promoted_pool,15
gpt_expanded,use_after_revision_not_promoted_gpt_adjudication_pending,18
mimic_eicu,demo_only_or_exclude_for_now_not_retained,14
nhanes,unreviewed_clean_candidate_not_in_formal_use_now_or_promoted_pool,10
official,exclude_for_now_not_allowed,14
official,unreviewed_clean_candidate_not_in_formal_use_now_or_promoted_pool,8
official,use_after_revision_not_promoted_hidden_linkage_risk,2
synthea,unreviewed_clean_candidate_not_in_formal_use_now_or_promoted_pool,331
